[  
  {
    "id" : "1",
    "name": "Sakar",
    "email": "itc@cts.com",
    "gender": "male"
},

{
    "id" : "2",
    "name": "Hero",
    "email": "ibm@ibm.com",
    "gender": "male"
},

{
    "id" : "3",
    "name": "Biswajit",
    "email": "user@gamil.com",
    "gender": "male"
},

{
    "id" : "4",
    "name": "Jala",
    "email": "CGI",
    "gender": "male"
},
{
    "id" : "5",
    "name": "Anjali Singh",
    "email": "CGI@gail.com",
    "gender": "female"
},

{
    "id" : "6",
    "name": "Padma priya",
    "email": "java@java.com",
    "gender": "male"
},

{
    "id" : "7",
    "name": "Mudunuri",
    "email": "CGI@gmail.com",
    "gender": "male"
},

{
    "id" : "8",
    "name": "Konda",
    "email": "CGI@gmail.com",
    "gender": "female"
},

{
    "id" : "9",
    "name": "Kamali",
    "email": "CGI@cgi.com",
    "gender": "female"
},

{
    "id" : "10",
    "name": "Malavika",
    "email": "CGI",
    "gender": "male"
},

{
    "id" : "11",
    "name": "Chandana",
    "email": "CGI",
    "gender": "female"
},

{
    "id" : "12",
    "name": "Akanksha bHAT",
    "email": "CGI",
    "gender": "male"
},
    {  
      "id": 13,  
      "name": "ANKITA",  
      "email": "jack@gmail.com",  
      "gender": "male"  
    },  
    {  
      "id": 14,  
      "name": "Anupama",  
      "email": "peter@gmail.com",  
      "gender": "male"  
    },  
    {  
      "id": 15,  
      "name": "Durga",  
      "email": "mary@gmail.com",  
      "gender": "female"  
    },  
    {  
      "id": 16,  
      "name": "Niharika",  
      "email": "smith@gmail.com",  
      "gender": "male"  
    },  
    {  
      "id": 17,  
      "name": "Gouthami",  
      "email": "john@gmail.com",  
      "gender": "male"  
    }  
  ] 