{
  "employees": [
    {
      "id": 1,
      "name": "Sanjeev",
      "email": "java@java.com",
      "phone": "94929292929"
    },
    {
      "id": 2,
      "name": "harika",
      "email": "harika@cgi.com",
      "phone": "001-123-4568"
    },
    {
      "name": "Sanju",
      "email": "sana@sana.com",
      "phone": "94927488448",
      "id": 5
    },
    {
      "name": "Manohar",
      "email": "manohar@cgi.com",
      "phone": "8980989098",
      "id": 6
    },
    {
      "name": "ponakala",
      "email": "ponakala@cgi.com",
      "phone": "3453453456",
      "id": 7
    }
  ]
}